model_layer,slab_budget,measured_bytes_per_position,projected_behavioral_cost,measured_kl_at_budget,mean_exact_fallback_routes
1,24,15120000,0.01924380581382139,,0.34375
1,48,28022400,0.010914816036682144,,0.34375
1,72,40924800,0.006291984871445018,,0.34375
1,96,53827200,0.0034047175927146905,0.00340471759271469,0.34375
1,120,66729600,0.0016030980065611566,,0.34375
1,144,79632000,0.0005680083756147788,,0.34375
1,168,92534400,9.419530915462282e-05,,0.34375
1,192,103219200,1.9712107586269033e-33,,0.34375
2,24,16934400,0.023847544602797432,,0.625
2,48,29836800,0.013620282843516667,,0.625
2,72,42739200,0.007553999020497442,,0.625
2,96,55641600,0.0038143955829838165,0.0038143955829838165,0.625
2,120,68544000,0.0016281570582575883,,0.625
2,144,81446400,0.0005043704552335798,,0.625
2,168,94147200,7.085567050472677e-05,,0.625
2,192,103219200,1.4538260357239025e-33,,0.625
3,24,19958400,0.07273455034181102,,1.09375
3,48,32860800,0.04097393729271779,,1.09375
3,72,45763200,0.022108808236882754,,1.09375
3,96,58665600,0.010710458365580051,0.010710458365580051,1.09375
3,120,71568000,0.004274391375723663,,1.09375
3,144,84268800,0.0011994547115761285,,1.09375
3,168,95760000,0.00015392392922509963,,1.09375
3,192,103219200,3.602408156042523e-33,,1.09375
4,24,28425600,0.05456874304878673,,2.40625
4,48,41328000,0.02997556931383703,,2.40625
4,72,54230400,0.015728803431744976,,2.40625
4,96,67132800,0.007390944644862835,0.007390944644862834,2.40625
4,120,80035200,0.002837163677244456,,2.40625
4,144,91929600,0.0007401581834622883,,2.40625
4,168,100598400,7.212056423378655e-05,,2.40625
4,192,103219200,4.1638337951323986e-33,,2.40625
5,24,17942400,0.020388105572155826,,0.78125
5,48,30844800,0.011110704610652888,,0.78125
5,72,43747200,0.005949077009258268,,0.78125
5,96,56649600,0.00292654440216802,0.00292654440216802,0.78125
5,120,69552000,0.001224801513111397,,0.78125
5,144,82454400,0.00036797416219660426,,0.78125
5,168,95356800,4.58333987171857e-05,,0.78125
5,192,103219200,1.0808685761063483e-33,,0.78125
6,24,17136000,0.025259386098478383,,0.65625
6,48,30038400,0.013300781463700652,,0.65625
6,72,42940800,0.0072543142466931975,,0.65625
6,96,55843200,0.003720957087795002,0.003720957087795002,0.65625
6,120,68745600,0.001666486556420638,,0.65625
6,144,81648000,0.0005584379264099322,,0.65625
6,168,94550400,8.552080320053835e-05,,0.65625
6,192,103219200,2.3656087645337572e-33,,0.65625
7,24,19152000,0.1151280874621154,,0.96875
7,48,32054400,0.05594881724420587,,0.96875
7,72,44956800,0.027846306503219856,,0.96875
7,96,57859200,0.012858213895398775,0.012858213895398776,0.96875
7,120,70761600,0.005016562158296121,,0.96875
7,144,83664000,0.0013962478754836263,,0.96875
7,168,95961600,0.00016278581238626314,,0.96875
7,192,103219200,1.0777279517956833e-32,,0.96875
8,24,26611200,0.05798638635100665,,2.125
8,48,39513600,0.02862056083788124,,2.125
8,72,52416000,0.01437547233509501,,2.125
8,96,65318400,0.006753085803573278,0.006753085803573277,2.125
8,120,78220800,0.002714363024646836,,2.125
8,144,91123200,0.0007861045465090958,,2.125
8,168,101808000,9.63050734454226e-05,,2.125
8,192,103219200,5.9316911125536236e-33,,2.125
9,24,20160000,0.015131375353237084,,1.125
9,48,33062400,0.007435009367485825,,1.125
9,72,45964800,0.0036925296920480776,,1.125
9,96,58867200,0.0017039981572788377,0.001703998157278838,1.125
9,120,71769600,0.0006739908912075779,,1.125
9,144,84672000,0.0001923270618332193,,1.125
9,168,97372800,2.3355777243873157e-05,,1.125
9,192,103219200,1.7002741543165318e-33,,1.125
10,24,19958400,0.015894125231447894,,1.09375
10,48,32860800,0.007804549827472071,,1.09375
10,72,45763200,0.003916985718627081,,1.09375
10,96,58665600,0.0018347041658425532,0.0018347041658425532,1.09375
10,120,71568000,0.0007392653117857598,,1.09375
10,144,84470400,0.00021420706952626236,,1.09375
10,168,96364800,2.6150654196573343e-05,,1.09375
10,192,103219200,1.1769121834975766e-33,,1.09375
11,24,25194624,0.10353847967363353,,1.21875
11,48,40849536,0.04894367449340239,,1.21875
11,72,56504448,0.0240093854350209,,1.21875
11,96,72159360,0.010975149962746745,0.010975149962746747,1.21875
11,120,87814272,0.004269396588856663,,1.21875
11,144,103469184,0.001172907725493095,,1.21875
11,168,118634880,0.00013215735568608946,,1.21875
11,192,125239296,1.1493779694745302e-32,,1.21875
12,24,25401600,0.006507193715751896,,1.9375
12,48,38304000,0.004106004151517112,,1.9375
12,72,51206400,0.0025669101795113515,,1.9375
12,96,64108800,0.0014850785510444368,0.0014850785510444368,1.9375
12,120,76809600,0.0007373168735314015,,1.9375
12,144,88905600,0.00026988019608229527,,1.9375
12,168,99187200,4.3714231625280806e-05,,1.9375
12,192,103219200,4.909682236235173e-34,,1.9375
13,24,19756800,0.007582743443166304,,1.0625
13,48,32659200,0.004632734702711895,,1.0625
13,72,45561600,0.0027478109262207857,,1.0625
13,96,58464000,0.001503061073706084,0.001503061073706084,1.0625
13,120,71366400,0.0007039543658188746,,1.0625
13,144,84268800,0.0002395524670431807,,1.0625
13,168,96768000,3.519539101855391e-05,,1.0625
13,192,103219200,3.0204422239900346e-34,,1.0625
14,24,23587200,0.015004967445913594,,1.65625
14,48,36489600,0.009159099215087391,,1.65625
14,72,49392000,0.005359178681209593,,1.65625
14,96,62294400,0.0028591393448183216,0.002859139344818321,1.65625
14,120,75196800,0.0012888136191495957,,1.65625
14,144,87696000,0.0004164389730788965,,1.65625
14,168,98380800,5.756228976981314e-05,,1.65625
14,192,103219200,5.754408359116796e-34,,1.65625
15,24,25804800,0.012980032792605725,,2.0
15,48,38707200,0.007337639371397566,,2.0
15,72,51609600,0.003946895610134912,,2.0
15,96,64512000,0.0019414084965588615,0.0019414084965588612,2.0
15,120,77414400,0.0008055033882561746,,2.0
15,144,90115200,0.00023262636170185444,,2.0
15,168,99993600,2.556988478648122e-05,,2.0
15,192,103219200,7.717230191189167e-34,,2.0
16,24,23587200,0.019026081944809047,,1.65625
16,48,36489600,0.010197276786828056,,1.65625
16,72,49392000,0.005243052585329912,,1.65625
16,96,62294400,0.002458763054147318,0.0024587630541473182,1.65625
16,120,75196800,0.0009743025204710315,,1.65625
16,144,87897600,0.0002704942131787722,,1.65625
16,168,98179200,3.092640016703684e-05,,1.65625
16,192,103219200,9.49056670432769e-34,,1.65625
17,24,21772800,0.05333985177974022,,1.375
17,48,34675200,0.028931543993591737,,1.375
17,72,47577600,0.015117606417416541,,1.375
17,96,60480000,0.007265770379894572,0.007265770379894572,1.375
17,120,73382400,0.0029628924810339175,,1.375
17,144,86284800,0.0008523199699313765,,1.375
17,168,98380800,9.937475239755786e-05,,1.375
17,192,103219200,3.065378232722448e-33,,1.375
18,24,22176000,0.05768817046131949,,1.4375
18,48,35078400,0.03173939588875703,,1.4375
18,72,47980800,0.016947309922430143,,1.4375
18,96,60883200,0.008202555430067341,0.008202555430067341,1.4375
18,120,73785600,0.0033435177689358523,,1.4375
18,144,86688000,0.0009665328293768361,,1.4375
18,168,98380800,0.00011797617926555564,,1.4375
18,192,103219200,3.589004599296473e-33,,1.4375
19,24,23990400,0.0754607483867599,,1.71875
19,48,36892800,0.039075111787349466,,1.71875
19,72,49795200,0.019928630510989084,,1.71875
19,96,62697600,0.009361657995096853,0.009361657995096853,1.71875
19,120,75600000,0.0037338579395759784,,1.71875
19,144,88502400,0.0010456799897645482,,1.71875
19,168,99187200,0.0001275647623722698,,1.71875
19,192,103219200,6.753831415239965e-33,,1.71875
20,24,32860800,0.024327096932549495,,3.09375
20,48,45763200,0.01265921584293204,,3.09375
20,72,58665600,0.0063734085095237085,,3.09375
20,96,71568000,0.0029398190930624646,0.0029398190930624646,3.09375
20,120,84470400,0.0011367872880706507,,3.09375
20,144,95760000,0.00030925555297287114,,3.09375
20,168,102009600,3.789589889149992e-05,,3.09375
20,192,103219200,1.2005001361993285e-33,,3.09375
21,24,19555200,0.010208240683141991,,1.03125
21,48,32457600,0.00509325938097314,,1.03125
21,72,45360000,0.0025468965401926153,,1.03125
21,96,58262400,0.0012067579035361382,0.001206757903536138,1.03125
21,120,71164800,0.0005081332382190452,,1.03125
21,144,84067200,0.0001613690910051711,,1.03125
21,168,95961600,2.1849136141408274e-05,,1.03125
21,192,103219200,7.04163780336775e-34,,1.03125
22,24,25401600,0.02748030358128444,,1.9375
22,48,38304000,0.01400925039564968,,1.9375
22,72,51206400,0.007174364156511957,,1.9375
22,96,64108800,0.0034504004949722318,0.0034504004949722318,1.9375
22,120,77011200,0.0014376436768860472,,1.9375
22,144,89712000,0.0004344250429027272,,1.9375
22,168,99993600,5.6154382405961624e-05,,1.9375
22,192,103219200,2.5871303467182654e-33,,1.9375
23,24,31651200,0.03462521073079297,,2.90625
23,48,44553600,0.017171710057066834,,2.90625
23,72,57456000,0.00837927333226887,,2.90625
23,96,70358400,0.0037501089219058514,0.0037501089219058514,2.90625
23,120,83260800,0.0013901494326061556,,2.90625
23,144,94953600,0.00033500116885845974,,2.90625
23,168,101404800,2.71153350351766e-05,,2.90625
23,192,103219200,2.5268799284836217e-33,,2.90625
24,24,22579200,0.007726911479328767,,1.5
24,48,35481600,0.005007340674852462,,1.5
24,72,48384000,0.003115389783708121,,1.5
24,96,61286400,0.001789201488213953,0.0017892014882139532,1.5
24,120,74188800,0.0008874040593015602,,1.5
24,144,87091200,0.00032602553874383277,,1.5
24,168,98784000,5.224403745238069e-05,,1.5
24,192,103219200,3.6585795115711653e-34,,1.5
25,24,22377600,0.008266765524300432,,1.46875
25,48,35280000,0.005213460526578283,,1.46875
25,72,48182400,0.0031482563620434984,,1.46875
25,96,61084800,0.0017470993504443981,0.001747099350444398,1.46875
25,120,73987200,0.0008355227135916191,,1.46875
25,144,86688000,0.0002944277528454724,,1.46875
25,168,98179200,4.594672800766182e-05,,1.46875
25,192,103219200,2.7412034205779684e-34,,1.46875
26,24,26409600,0.008793236786257114,,2.09375
26,48,39312000,0.005391981942877238,,2.09375
26,72,52214400,0.0031157977052173017,,2.09375
26,96,65116800,0.001623672347066723,0.001623672347066723,2.09375
26,120,78019200,0.0007087533226806051,,2.09375
26,144,90115200,0.00021792980097589052,,2.09375
26,168,99388800,2.68847405447371e-05,,2.09375
26,192,103219200,4.238856364254255e-34,,2.09375
27,24,21772800,0.014218595688999223,,1.375
27,48,34675200,0.008668147080635534,,1.375
27,72,47577600,0.00499508924254353,,1.375
27,96,60480000,0.0025926771350515097,0.0025926771350515097,1.375
27,120,73382400,0.001129668714416201,,1.375
27,144,86284800,0.0003449603225742592,,1.375
27,168,97776000,4.105930985617574e-05,,1.375
27,192,103219200,6.918152149097644e-34,,1.375
28,24,24192000,0.019622284878941233,,1.75
28,48,37094400,0.011745976078241968,,1.75
28,72,49996800,0.006714957186776231,,1.75
28,96,62899200,0.0035364229101326355,0.003536422910132636,1.75
28,120,75801600,0.0016055085441077186,,1.75
28,144,88502400,0.0005406132322135391,,1.75
28,168,98784000,7.646820642902184e-05,,1.75
28,192,103219200,6.302698263115916e-34,,1.75
29,24,26812800,0.024390003428938035,,2.15625
29,48,39715200,0.014201081535594122,,2.15625
29,72,52617600,0.007843069593646626,,2.15625
29,96,65520000,0.0039324594838684186,0.0039324594838684186,2.15625
29,120,78422400,0.0016528818985070588,,2.15625
29,144,90921600,0.00048740654551535675,,2.15625
29,168,99590400,5.6347958826193404e-05,,2.15625
29,192,103219200,1.1335672284512968e-33,,2.15625
30,24,20563200,0.010725959287205261,,1.1875
30,48,33465600,0.006015839860994286,,1.1875
30,72,46368000,0.0032401048500152936,,1.1875
30,96,59270400,0.001584813678287938,0.001584813678287938,1.1875
30,120,72172800,0.0006523395053615845,,1.1875
30,144,85075200,0.00018792123683373968,,1.1875
30,168,97574400,2.125916555896668e-05,,1.1875
30,192,103219200,4.483102822232295e-34,,1.1875
31,24,28224000,0.012179173235423746,,2.375
31,48,41126400,0.007035752311576774,,2.375
31,72,54028800,0.0038576697434622984,,2.375
31,96,66931200,0.0019153347755940249,0.0019153347755940253,2.375
31,120,79833600,0.0007940349402274215,,2.375
31,144,92131200,0.00022369387831809234,,2.375
31,168,100396800,2.5316166180068275e-05,,2.375
31,192,103219200,6.104042772847643e-34,,2.375
32,24,23788800,0.0337442796916717,,1.6875
32,48,36691200,0.01913643423280778,,1.6875
32,72,49593600,0.010384249354981738,,1.6875
32,96,62496000,0.00511954046408559,0.00511954046408559,1.6875
32,120,75398400,0.002138069529486561,,1.6875
32,144,88300800,0.000650568548968072,,1.6875
32,168,99792000,8.555459455600343e-05,,1.6875
32,192,103219200,1.6543902228954267e-33,,1.6875
33,24,19353600,0.014376876521698813,,1.0
33,48,32256000,0.008066550616426041,,1.0
33,72,45158400,0.004293853857062148,,1.0
33,96,58060800,0.0020895646671370612,0.0020895646671370612,1.0
33,120,70963200,0.0008699733582210758,,1.0
33,144,83865600,0.0002678612502392799,,1.0
33,168,96566400,3.5439543945565535e-05,,1.0
33,192,103219200,8.08510024571407e-34,,1.0
34,24,19152000,0.009596587462078946,,0.96875
34,48,32054400,0.00559204205233094,,0.96875
34,72,44956800,0.0030943122088411754,,0.96875
34,96,57859200,0.0015472688343863793,0.0015472688343863795,0.96875
34,120,70761600,0.0006493973626017939,,0.96875
34,144,83664000,0.00019726000083290578,,0.96875
34,168,96364800,2.5090586603311226e-05,,0.96875
34,192,103219200,4.462185701197142e-34,,0.96875
35,24,22176000,0.021791062885760333,,1.4375
35,48,35078400,0.011916574211022603,,1.4375
35,72,47980800,0.006310830911939942,,1.4375
35,96,60883200,0.0030361630956166293,0.003036163095616629,1.4375
35,120,73785600,0.0012266559326847238,,1.4375
35,144,86688000,0.00035007727041435835,,1.4375
35,168,98784000,4.062709585954277e-05,,1.4375
35,192,103219200,1.795286778799776e-33,,1.4375
36,24,17337600,0.008300340032362324,,0.6875
36,48,30240000,0.005087326682222284,,0.6875
36,72,43142400,0.0029634114589943052,,0.6875
36,96,56044800,0.001581130889470637,0.001581130889470637,0.6875
36,120,68947200,0.0007277416040657515,,0.6875
36,144,81849600,0.0002489781096493336,,0.6875
36,168,94147200,3.831166448799533e-05,,0.6875
36,192,103219200,4.228732479440752e-34,,0.6875
37,24,21571200,0.00862535334402499,,1.34375
37,48,34473600,0.005218156125924456,,1.34375
37,72,47376000,0.002989958724888298,,1.34375
37,96,60278400,0.0015535282430099277,0.001553528243009928,1.34375
37,120,73180800,0.0006841223941114241,,1.34375
37,144,86083200,0.0002155613038353193,,1.34375
37,168,97574400,2.6787812674918235e-05,,1.34375
37,192,103219200,4.408733145000963e-34,,1.34375
38,24,38707200,0.0074004649078983015,,4.0
38,48,51609600,0.0042282125284999715,,4.0
38,72,64512000,0.0022968524908110245,,4.0
38,96,77414400,0.0011309495925540477,0.0011309495925540475,4.0
38,120,89712000,0.0004692735527298437,,4.0
38,144,98784000,0.00013733987574755547,,4.0
38,168,102412800,1.6613656015976786e-05,,4.0
38,192,103219200,4.2105900761294304e-34,,4.0
39,24,18748800,0.00872930508747879,,0.90625
39,48,31651200,0.0050351748151341805,,0.90625
39,72,44553600,0.002776107842769253,,0.90625
39,96,57456000,0.0013899973639016328,0.0013899973639016328,0.90625
39,120,70358400,0.0005841223179072971,,0.90625
39,144,83260800,0.00017544499015230847,,0.90625
39,168,95961600,2.261314428925235e-05,,0.90625
39,192,103219200,5.432692831749455e-34,,0.90625
40,24,26812800,0.018628358180744046,,2.15625
40,48,39715200,0.010392583972051955,,2.15625
40,72,52617600,0.0055759512195835545,,2.15625
40,96,65520000,0.0027452098759859394,0.0027452098759859394,2.15625
40,120,78422400,0.0011360492585501321,,2.15625
40,144,91123200,0.0003354778563609102,,2.15625
40,168,101001600,4.301137187640321e-05,,2.15625
40,192,103219200,8.232948350944947e-34,,2.15625
41,24,24393600,0.011596738060065611,,1.78125
41,48,37296000,0.006468699747078526,,1.78125
41,72,50198400,0.0034409447532440466,,1.78125
41,96,63100800,0.0016569997364334547,0.001656999736433455,1.78125
41,120,76003200,0.0006640519643463362,,1.78125
41,144,88704000,0.00018560145114927172,,1.78125
41,168,98985600,2.1271608999876644e-05,,1.78125
41,192,103219200,5.672800357371223e-34,,1.78125
42,24,29433600,0.029478514418255473,,2.5625
42,48,42336000,0.0158081437008024,,2.5625
42,72,55238400,0.008155632970161262,,2.5625
42,96,68140800,0.003814443001529411,0.0038144430015294114,2.5625
42,120,81043200,0.0014953127210643761,,2.5625
42,144,92534400,0.0004148191817270304,,2.5625
42,168,101203200,4.8994550440301905e-05,,2.5625
42,192,103219200,1.547492643578263e-33,,2.5625
43,24,35481600,0.056014942998643305,,3.5
43,48,48384000,0.029793214577719072,,3.5
43,72,61286400,0.015295445347967134,,3.5
43,96,74188800,0.007155612812691869,0.007155612812691869,3.5
43,120,86284800,0.0028231402393777884,,3.5
43,144,96768000,0.0007950531880686874,,3.5
43,168,102009600,9.460100002981567e-05,,3.5
43,192,103219200,3.360223365097537e-33,,3.5
44,24,27619200,0.01829689254400208,,2.28125
44,48,40521600,0.010201071316451753,,2.28125
44,72,53424000,0.0054974997478050725,,2.28125
44,96,66326400,0.0026852029774958575,0.002685202977495858,2.28125
44,120,79228800,0.0010912144927973872,,2.28125
44,144,91728000,0.0003080912523177535,,2.28125
44,168,101001600,3.546583550249609e-05,,2.28125
44,192,103219200,1.470707248265736e-33,,2.28125
45,24,19555200,0.05207333692322754,,1.03125
45,48,32457600,0.02878888891536316,,1.03125
45,72,45360000,0.015405341331826675,,1.03125
45,96,58262400,0.007482597174815356,0.007482597174815357,1.03125
45,120,71164800,0.0030233988974371472,,1.03125
45,144,84067200,0.0008614586308760521,,1.03125
45,168,96364800,0.00010534825557409076,,1.03125
45,192,103219200,3.2678534730720556e-33,,1.03125
46,24,33755904,0.011800642683842288,,2.3125
46,48,49410816,0.006366252801991046,,2.3125
46,72,65065728,0.0033760323978158802,,2.3125
46,96,80720640,0.0016370519461007065,0.0016370519461007067,2.3125
46,120,96375552,0.0006543788823811384,,2.3125
46,144,111785856,0.00017747292284533978,,2.3125
46,168,122059392,1.7738733808199214e-05,,2.3125
46,192,125239296,8.416866867342335e-34,,2.3125
47,24,37425024,0.02157944934513217,,2.78125
47,48,53079936,0.011667847925135843,,2.78125
47,72,68734848,0.006113411625314487,,2.78125
47,96,84389760,0.0029237475578212787,0.0029237475578212787,2.78125
47,120,99555456,0.0011785252791857099,,2.78125
47,144,113253504,0.00033717990263239467,,2.78125
47,168,123037824,3.913474614351289e-05,,2.78125
47,192,125239296,1.4888915356803235e-33,,2.78125
48,24,23788800,0.025321158047613885,,1.6875
48,48,36691200,0.014495033227178293,,1.6875
48,72,49593600,0.007842651586172176,,1.6875
48,96,62496000,0.0038183629591167847,0.0038183629591167843,1.6875
48,120,75398400,0.001546157374605561,,1.6875
48,144,87494400,0.00043262728092759633,,1.6875
48,168,98179200,5.1822556741584413e-05,,1.6875
48,192,103219200,9.815153011243466e-34,,1.6875
49,24,33667200,0.010802662596948127,,3.21875
49,48,46569600,0.005756363780057875,,3.21875
49,72,59472000,0.002980015170481978,,3.21875
49,96,72172800,0.0013964575565272833,0.0013964575565272833,3.21875
49,120,83865600,0.0005567881072155113,,3.21875
49,144,93945600,0.00016061846763788042,,3.21875
49,168,101606400,2.103847106591184e-05,,3.21875
49,192,103219200,5.286315607069661e-34,,3.21875
50,24,30038400,0.01769009736001326,,2.65625
50,48,42940800,0.010286178975585043,,2.65625
50,72,55843200,0.005617344693882371,,2.65625
50,96,68745600,0.002727153053389262,0.0027271530533892626,2.65625
50,120,81648000,0.00107323217720644,,2.65625
50,144,93139200,0.00028989476497512417,,2.65625
50,168,100800000,3.127844788053765e-05,,2.65625
50,192,103219200,7.202262937631718e-34,,2.65625
51,24,25401600,0.015048954041249904,,1.9375
51,48,38304000,0.008575849841771191,,1.9375
51,72,51206400,0.004593102672435744,,1.9375
51,96,64108800,0.002174224187414489,0.002174224187414489,1.9375
51,120,77011200,0.0008324274233971097,,1.9375
51,144,88905600,0.0002146926570987357,,1.9375
51,168,98784000,2.190795015951144e-05,,1.9375
51,192,103219200,5.5816485383739815e-34,,1.9375
52,24,32860800,0.06209425739282627,,3.09375
52,48,45763200,0.03184478595275851,,3.09375
52,72,58665600,0.01572872379825334,,3.09375
52,96,71568000,0.006931044280967487,0.006931044280967488,3.09375
52,120,83260800,0.0025672771158727387,,3.09375
52,144,93340800,0.000661452043530648,,3.09375
52,168,100598400,6.961728962927164e-05,,3.09375
52,192,103219200,3.1873379181848454e-33,,3.09375
53,24,47376000,0.030064939437730708,,5.34375
53,48,60278400,0.015229252995661295,,5.34375
53,72,72979200,0.007347244720844747,,5.34375
53,96,84067200,0.0031313802509456016,0.0031313802509456016,5.34375
53,120,92534400,0.0010794963511146533,,5.34375
53,144,99388800,0.0002489823476619295,,5.34375
53,168,102211200,2.226758308645626e-05,,5.34375
53,192,103219200,1.9059393062156783e-33,,5.34375
54,24,36892800,0.0718551310277117,,3.71875
54,48,49795200,0.03795805467218582,,3.71875
54,72,62697600,0.019320711064234494,,3.71875
54,96,75196800,0.008773963117324804,0.008773963117324804,3.71875
54,120,87091200,0.003244525583502855,,3.71875
54,144,96566400,0.0007898711047779644,,3.71875
54,168,102412800,6.777003831008173e-05,,3.71875
54,192,103219200,5.1865118958576295e-33,,3.71875
55,24,30038400,0.011486295010633415,,2.65625
55,48,42940800,0.005922349179476932,,2.65625
55,72,55843200,0.003007247429780233,,2.65625
55,96,68745600,0.0013702664299441037,0.001370266429944104,2.65625
55,120,81648000,0.0005098666170036967,,2.65625
55,144,93542400,0.00012765559773487178,,2.65625
55,168,100598400,1.253417188026905e-05,,2.65625
55,192,103219200,6.834038657528381e-34,,2.65625
56,24,52346112,0.029553826749746815,,4.6875
56,48,68001024,0.013948551762393168,,4.6875
56,72,83655936,0.006485981601648942,,4.6875
56,96,98821632,0.0027700022249348218,0.0027700022249348218,4.6875
56,120,111296640,0.0009902158764671422,,4.6875
56,144,120347136,0.00023943146622179003,,4.6875
56,168,124016256,2.4793340175642752e-05,,4.6875
56,192,125239296,3.107097466836084e-33,,4.6875
57,24,36446592,0.011702078529117541,,2.65625
57,48,52101504,0.0058465628603341655,,2.65625
57,72,67756416,0.0028032763190479343,,2.65625
57,96,83411328,0.0011879065707423348,0.0011879065707423348,2.65625
57,120,99066240,0.0004121798685506598,,2.65625
57,144,111785856,9.789790154983938e-05,,2.65625
57,168,121080960,9.384674470568233e-06,,2.65625
57,192,125239296,1.0816342149882237e-33,,2.65625
58,24,47209344,0.014980134879395167,,4.03125
58,48,62864256,0.007297125158063959,,4.03125
58,72,78519168,0.0034655207621652655,,4.03125
58,96,94174080,0.0014677553394258683,0.0014677553394258683,4.03125
58,120,109095168,0.0004905749704097998,,4.03125
58,144,119857920,0.00011066462728515142,,4.03125
58,168,124505472,1.065164127400641e-05,,4.03125
58,192,125239296,8.405095916366693e-34,,4.03125
59,24,42336000,0.016808818531210464,,4.5625
59,48,55036800,0.007606716026865469,,4.5625
59,72,67536000,0.003409338074671105,,4.5625
59,96,79027200,0.001396986594278694,0.0013969865942786942,4.5625
59,120,89510400,0.0004890740184569687,,4.5625
59,144,98380800,0.00012619259837666618,,4.5625
59,168,102009600,1.3330761033071903e-05,,4.5625
59,192,103219200,1.1642532653503172e-33,,4.5625
60,24,32860800,0.011915563064996472,,3.09375
60,48,45763200,0.005933905510826577,,3.09375
60,72,58665600,0.0029552921698097977,,3.09375
60,96,71568000,0.001369790337425516,0.0013697903374255158,3.09375
60,120,84470400,0.0005345526828933842,,3.09375
60,144,95356800,0.00014592236849381412,,3.09375
60,168,101606400,1.671835049070887e-05,,3.09375
60,192,103219200,6.508461923358204e-34,,3.09375
61,24,30441600,0.03617314836458892,,2.71875
61,48,43344000,0.017285714815075643,,2.71875
61,72,56246400,0.008254783772893409,,2.71875
61,96,69148800,0.003588661725994363,0.003588661725994363,2.71875
61,120,82051200,0.0012985701215687945,,2.71875
61,144,94953600,0.0003190458561949325,,2.71875
61,168,102009600,3.144654918348098e-05,,2.71875
61,192,103219200,3.12479871096983e-33,,2.71875
62,24,29433600,0.00606701379211363,,2.5625
62,48,42336000,0.003021969768719669,,2.5625
62,72,55238400,0.0015074350735124155,,2.5625
62,96,68140800,0.0006933170657550458,0.0006933170657550457,2.5625
62,120,81043200,0.0002606639360035541,,2.5625
62,144,92937600,6.449017051011666e-05,,2.5625
62,168,101001600,5.947681170258324e-06,,2.5625
62,192,103219200,5.6890565616967726e-34,,2.5625
63,24,36691200,0.02707896435374585,,3.6875
63,48,49593600,0.011724823792122429,,3.6875
63,72,62496000,0.005436057555765301,,3.6875
63,96,75398400,0.00237850130309188,0.00237850130309188,3.6875
63,120,88099200,0.0008750382343671786,,3.6875
63,144,97372800,0.00021876268731948982,,3.6875
63,168,102211200,2.3383170852846176e-05,,3.6875
63,192,103219200,2.7332065298123053e-33,,3.6875
64,24,37699200,0.08396094269236659,,3.84375
64,48,50601600,0.03665271191298206,,3.84375
64,72,63504000,0.017418397071229542,,3.84375
64,96,76003200,0.0076969122752479,0.007696912275247901,3.84375
64,120,87494400,0.002814260750739757,,3.84375
64,144,96969600,0.0007100031186740545,,3.84375
64,168,102009600,7.509481859958815e-05,,3.84375
64,192,103219200,1.0868112175294092e-32,,3.84375
65,24,28224000,0.022664324783206635,,2.375
65,48,41126400,0.010532991377696433,,2.375
65,72,54028800,0.004994535351865208,,2.375
65,96,66931200,0.002207677220813711,0.002207677220813711,2.375
65,120,79833600,0.0008268452501642655,,2.375
65,144,91324800,0.00021660377179776806,,2.375
65,168,100195200,2.3133178101822722e-05,,2.375
65,192,103219200,1.6279393801989564e-33,,2.375
66,24,28828800,0.023537625578734796,,2.46875
66,48,41731200,0.011155103719161943,,2.46875
66,72,54633600,0.005435384505442537,,2.46875
66,96,67536000,0.0024906952864966183,0.0024906952864966183,2.46875
66,120,80438400,0.0009655481370694944,,2.46875
66,144,92736000,0.00026308647578799477,,2.46875
66,168,101001600,2.9431740568273257e-05,,2.46875
66,192,103219200,1.8362863063908402e-33,,2.46875
67,24,27820800,0.03126611941943098,,2.3125
67,48,40723200,0.014310423084895154,,2.3125
67,72,53625600,0.006678582447396561,,2.3125
67,96,66528000,0.002962778604550252,0.002962778604550252,2.3125
67,120,79430400,0.0011101709444780792,,2.3125
67,144,91929600,0.00028851910930594797,,2.3125
67,168,100396800,3.1610612717488634e-05,,2.3125
67,192,103219200,1.5782987622528837e-33,,2.3125
68,24,30820608,0.01814072743219616,,1.9375
68,48,46475520,0.007866019502213916,,1.9375
68,72,62130432,0.003493395704898528,,1.9375
68,96,77785344,0.0014896161607857582,0.001489616160785758,1.9375
68,120,93440256,0.000553714403788766,,1.9375
68,144,108850560,0.0001457883878125097,,1.9375
68,168,120836352,1.6037584747109026e-05,,1.9375
68,192,125239296,1.289189843546019e-33,,1.9375
69,24,27396096,0.012707323084915295,,1.5
69,48,43051008,0.006254728857874907,,1.5
69,72,58705920,0.003078866074285489,,1.5
69,96,74360832,0.001384575002810349,0.0013845750028103488,1.5
69,120,90015744,0.0005119935544256758,,1.5
69,144,105426048,0.00013256839045209195,,1.5
69,168,120102528,1.401164117477421e-05,,1.5
69,192,125239296,1.0702039731721104e-33,,1.5
70,24,26173056,0.027513083747523377,,1.34375
70,48,41827968,0.012389105986735016,,1.34375
70,72,57482880,0.0059170991049004844,,1.34375
70,96,73137792,0.0026884443488141446,0.002688444348814144,1.34375
70,120,88792704,0.0010448700134264661,,1.34375
70,144,103958400,0.0002826356479499631,,1.34375
70,168,117167232,3.10809315693378e-05,,1.34375
70,192,125239296,2.888246172589037e-33,,1.34375
71,24,32532864,0.01999654405058822,,2.15625
71,48,48187776,0.00886224389827701,,2.15625
71,72,63842688,0.004115391040887268,,2.15625
71,96,79497600,0.0017978768607260155,0.0017978768607260153,2.15625
71,120,94663296,0.0006693432223825848,,2.15625
71,144,108850560,0.00017517279583906684,,2.15625
71,168,120347136,1.878058150102928e-05,,2.15625
71,192,125239296,1.8247716550633167e-33,,2.15625
72,24,38102400,0.055087904207301155,,3.90625
72,48,51004800,0.026550977744541623,,3.90625
72,72,63907200,0.012303910695099268,,3.90625
72,96,76809600,0.005137097117384843,0.005137097117384843,3.90625
72,120,88099200,0.001793231223950129,,3.90625
72,144,96364800,0.00043906593658526305,,3.90625
72,168,101606400,4.06350288769794e-05,,3.90625
72,192,103219200,4.2869340030870646e-33,,3.90625
73,24,39110400,0.032370900677426435,,4.0625
73,48,52012800,0.015178141785086707,,4.0625
73,72,64915200,0.007141471034567896,,4.0625
73,96,77414400,0.0030761237073063806,0.0030761237073063806,4.0625
73,120,88300800,0.0010776261243190064,,4.0625
73,144,96768000,0.00026140022746775894,,4.0625
73,168,102211200,2.4330038824553706e-05,,4.0625
73,192,103219200,4.077876448302212e-33,,4.0625
74,24,32256000,0.13114059438833126,,3.0
74,48,45158400,0.056041088840532945,,3.0
74,72,58060800,0.024458080894485864,,3.0
74,96,70963200,0.010085505017464849,0.010085505017464849,3.0
74,120,83865600,0.0035624033871918515,,3.0
74,144,95961600,0.0008931191399715834,,3.0
74,168,102009600,9.366621863090977e-05,,3.0
74,192,103219200,1.7923064068939548e-32,,3.0
75,24,24393600,0.030464167377818582,,1.78125
75,48,37296000,0.013976069599072799,,1.78125
75,72,50198400,0.0065626244995422986,,1.78125
75,96,63100800,0.002835714674044953,0.002835714674044953,1.78125
75,120,76003200,0.0010162996382393754,,1.78125
75,144,88704000,0.0002448152880869671,,1.78125
75,168,99187200,2.56720337734279e-05,,1.78125
75,192,103219200,3.1208738687219354e-33,,1.78125
76,24,29836800,0.01668969166783782,,2.625
76,48,42739200,0.007512810106066032,,2.625
76,72,55641600,0.003434914200952482,,2.625
76,96,68544000,0.0014420932188897084,0.0014420932188897084,2.625
76,120,81244800,0.0004961472654732369,,2.625
76,144,92534400,0.00011339489906843383,,2.625
76,168,100195200,9.732872308746121e-06,,2.625
76,192,103219200,1.5948106252866715e-33,,2.625
77,24,29030400,0.011725841785988579,,2.5
77,48,41932800,0.005355584876629354,,2.5
77,72,54835200,0.0024458161749449678,,2.5
77,96,67737600,0.0010138687459380878,0.0010138687459380878,2.5
77,120,80236800,0.00034460741208425135,,2.5
77,144,91929600,8.173249138055846e-05,,2.5
77,168,100396800,9.496047925303107e-06,,2.5
77,192,103219200,8.353784603712673e-34,,2.5
78,24,33465600,0.015725601936109522,,3.1875
78,48,46368000,0.006850077283855811,,3.1875
78,72,59270400,0.0029600606167359323,,3.1875
78,96,72172800,0.0011793539548135736,0.0011793539548135736,3.1875
78,120,84470400,0.0003782544142204083,,3.1875
78,144,95356800,8.012243404072832e-05,,3.1875
78,168,101808000,7.181416085627693e-06,,3.1875
78,192,103219200,1.0293155495247492e-33,,3.1875
79,24,30441600,0.06294639915634465,,2.71875
79,48,43344000,0.029833433056679494,,2.71875
79,72,56246400,0.01436398020473581,,2.71875
79,96,69148800,0.006313589059464688,0.006313589059464688,2.71875
79,120,81648000,0.002275721497561632,,2.71875
79,144,92736000,0.0005574728021535214,,2.71875
79,168,100396800,5.5821934516081584e-05,,2.71875
79,192,103219200,5.758448285553327e-33,,2.71875
80,24,31651200,0.025958242993617858,,2.90625
80,48,44553600,0.01204082393332294,,2.90625
80,72,57456000,0.00553463469458533,,2.90625
80,96,70358400,0.002314123307760683,0.002314123307760683,2.90625
80,120,82857600,0.0007844362840586952,,2.90625
80,144,93744000,0.000177488798496712,,2.90625
80,168,101404800,1.5967876707770293e-05,,2.90625
80,192,103219200,1.6458281081314873e-33,,2.90625
81,24,23788800,0.018097400709603483,,1.6875
81,48,36691200,0.00913947480326517,,1.6875
81,72,49593600,0.004490040988322778,,1.6875
81,96,62496000,0.0020120336149982397,0.0020120336149982393,1.6875
81,120,75398400,0.0007511196087612556,,1.6875
81,144,88300800,0.00019496800628106156,,1.6875
81,168,98784000,1.993976032729613e-05,,1.6875
81,192,103219200,1.7134779841499457e-33,,1.6875
82,24,21974400,0.07302899254097009,,1.40625
82,48,34876800,0.03707655165003576,,1.40625
82,72,47779200,0.018447342328199435,,1.40625
82,96,60681600,0.008330232742194235,0.008330232742194235,1.40625
82,120,73584000,0.003125861829623376,,1.40625
82,144,86486400,0.0008304947400069293,,1.40625
82,168,98582400,9.930704399517173e-05,,1.40625
82,192,103219200,5.1766345610015444e-33,,1.40625
83,24,28557312,0.022743264329309287,,2.0
83,48,42835968,0.012649766945601694,,2.0
83,72,57114624,0.006806626248983476,,2.0
83,96,71393280,0.003347104319068216,0.003347104319068216,2.0
83,120,85671936,0.0013801557855875205,,2.0
83,144,99950592,0.00039429738652633464,,2.0
83,168,111552000,4.3505575505269326e-05,,2.0
83,192,114229248,1.2561551936024317e-33,,2.0
84,24,38505600,0.0049535310805403415,,3.96875
84,48,51408000,0.002474975835498862,,3.96875
84,72,64310400,0.0012402952376832997,,3.96875
84,96,77212800,0.000566697796296716,0.0005666977962967161,3.96875
84,120,89913600,0.00021239110922296502,,3.96875
84,144,99792000,5.421089094207056e-05,,3.96875
84,168,103219200,5.743916850573543e-06,,3.96875
84,192,103219200,2.506330105024177e-34,,3.96875
85,24,32457600,0.010992453413223838,,3.03125
85,48,45360000,0.005468752280387785,,3.03125
85,72,58262400,0.002707531082951227,,3.03125
85,96,71164800,0.001230531913073158,0.001230531913073158,3.03125
85,120,84067200,0.00046539363078354804,,3.03125
85,144,95760000,0.00012685230634296336,,3.03125
85,168,102009600,1.5567986207264845e-05,,3.03125
85,192,103219200,8.217538844465728e-34,,3.03125
86,24,37296000,0.011298358544956958,,3.78125
86,48,50198400,0.005687307324552287,,3.78125
86,72,63100800,0.0028141565651875096,,3.78125
86,96,75801600,0.0012674121027543806,0.0012674121027543804,3.78125
86,120,87494400,0.00047886300030509227,,3.78125
86,144,97574400,0.00013036945069159003,,3.78125
86,168,102412800,1.6673019127176308e-05,,3.78125
86,192,103219200,9.294633830272351e-34,,3.78125
87,24,35078400,0.053308617962479515,,3.4375
87,48,47980800,0.02680935833746261,,3.4375
87,72,60883200,0.013138608766725098,,3.4375
87,96,73584000,0.005904823770942933,0.005904823770942933,3.4375
87,120,85881600,0.002186983382370422,,3.4375
87,144,95961600,0.0005573426708408729,,3.4375
87,168,101808000,5.523880160381552e-05,,3.4375
87,192,103219200,3.908764389677588e-33,,3.4375
88,24,28022400,0.0038540456212097607,,2.34375
88,48,40924800,0.001898616406743905,,2.34375
88,72,53827200,0.0009106335462782849,,2.34375
88,96,66729600,0.0003979588757890839,0.0003979588757890839,2.34375
88,120,79632000,0.00014396822093254224,,2.34375
88,144,92332800,3.619312062459524e-05,,2.34375
88,168,101404800,3.7093503067713145e-06,,2.34375
88,192,103219200,2.730332885604469e-34,,2.34375
89,24,26006400,0.0070263970708865624,,2.03125
89,48,38908800,0.0035837721590725184,,2.03125
89,72,51811200,0.0017507586108257535,,2.03125
89,96,64713600,0.000758806440579626,0.000758806440579626,2.03125
89,120,77616000,0.0002657603286652549,,2.03125
89,144,89510400,6.294825729142548e-05,,2.03125
89,168,99187200,6.006858748740793e-06,,2.03125
89,192,103219200,4.029545415821539e-34,,2.03125
90,24,26208000,0.035453710389762444,,2.0625
90,48,39110400,0.01759292807926088,,2.0625
90,72,52012800,0.008559270844809525,,2.0625
90,96,64915200,0.0037936009039808197,0.0037936009039808197,2.0625
90,120,77817600,0.0013834664387999173,,2.0625
90,144,90316800,0.0003435245020573908,,2.0625
90,168,99993600,3.165589119104936e-05,,2.0625
90,192,103219200,2.80843776770637e-33,,2.0625
91,24,21571200,0.011584816600669023,,1.34375
91,48,34473600,0.006005545577516983,,1.34375
91,72,47376000,0.0029700627100290957,,1.34375
91,96,60278400,0.0013022359879041143,0.0013022359879041143,1.34375
91,120,73180800,0.000455388635171117,,1.34375
91,144,85881600,0.00010424001608275498,,1.34375
91,168,97372800,9.05165976387899e-06,,1.34375
91,192,103219200,6.083075169677418e-34,,1.34375
92,24,20079360,0.13954588981887006,,0.8125
92,48,34358016,0.06700600766380177,,0.8125
92,72,48636672,0.03196282117693498,,0.8125
92,96,62915328,0.014350351386895647,0.014350351386895647,0.8125
92,120,77193984,0.005613630503943435,,0.8125
92,144,91472640,0.0016092448279435324,,0.8125
92,168,105751296,0.00020198916847230302,,0.8125
92,192,114229248,1.0421980817275646e-32,,0.8125
